r,ae,UC
1.3,0.12611467,0.12639949
1.4,-0.05095981,-0.05068611
1.5,-0.1593333,-0.15905571
1.6,-0.22220258,-0.22197741
1.7,-0.25370329,-0.25358005
1.8,-0.26353243,-0.26353558
1.9,-0.2588345,-0.25896114
2.0,-0.24490081,-0.24513998
2.1,-0.22556178,-0.22589734
2.2,-0.20351426,-0.20393087
2.3,-0.18061275,-0.18109697
2.4,-0.15809264,-0.15863206
2.5,-0.13665326,-0.13721461
