SCF,CCSD
-14559.41981, -14560.82454
-14559.40977, -14560.80208
-14559.35860, -14560.73657
-14559.23303, -14560.69841
-14559.26134, -14560.63407
-14559.21813, -14560.57121
-14558.79831, -14560.12130
-14558.61755, -14559.92641
-14558.76223, -14560.08378
-14558.34647, -14559.64025
-14558.06508, -14559.35182
-14555.71480, -14556.93739
-14552.84150, -14553.99331
-14549.42666, -14550.50358
-14535.03308, -14536.19461
