SCF,CCSD
-16690.60506,-16693.56841112
-16690.53965,-16693.50143008
-16690.52484,-16693.55486705
-16690.39207,-16693.28510456
-16690.18232,-16693.06092392
-16689.81416,-16692.66868090
-16688.81144,-16691.63550470
-16687.37875,-16690.16943483
-16685.44999,-16688.21015767
-16682.99509,-16685.72621499
-16681.58115,-16684.33284018
-16682.08263,-16684.81494769
-16680.02592,-16682.72370584
-16668.57593,-16671.17164005
-16661.85791,-16664.39276625
