r,ae,crenbl,lanl2,mdfstu,sbkjc,mwbstu,ECP6,ECP2
1.3,0.02851731,0.03140765,0.03258565,0.03167997,0.0342665,0.03219292,0.03067627,0.03163163
1.4,-0.00652932,-0.00359746,-0.00239077,-0.003784,-0.0016669,-0.00379044,-0.00459911,-0.00379005
1.5,-0.02514254,-0.02209779,-0.02095838,-0.02271779,-0.02098935,-0.02313696,-0.02338961,-0.02266472
1.6,-0.03271494,-0.02956508,-0.02852507,-0.03056766,-0.02914581,-0.03131295,-0.03113725,-0.03045315
1.7,-0.03295152,-0.02973685,-0.02879597,-0.03106189,-0.02987748,-0.03206794,-0.03157062,-0.03089548
1.8,-0.02843522,-0.02518799,-0.02433369,-0.02678111,-0.02577583,-0.02799522,-0.02726397,-0.02657519
1.9,-0.02098231,-0.01771459,-0.01692765,-0.019529,-0.01865337,-0.02090971,-0.02001584,-0.01929769
2.0,-0.01186851,-0.00857486,-0.00783772,-0.01057562,-0.00978702,-0.01208998,-0.01109228,-0.01033296
