SCF,CCSD
-14559.69010, -14559.96444
-14559.67915, -14559.94743
-14559.62972, -14559.86204
-14559.53060, -14559.77808
-14559.48892, -14559.70182
-14559.06764, -14559.26467
-14558.88700, -14559.09624
-14559.03338, -14559.25291
-14558.61677, -14558.82361
-14558.33454, -14558.52128
-14555.98431, -14556.15651
-14553.11110, -14553.24827
-14549.69637, -14549.79315
