SCF,CCSD
-14559.73044, -14560.00748
-14559.71956, -14559.98817
-14559.66996, -14559.92029
-14559.57104, -14559.80272
-14559.52920, -14559.75147
-14559.10796, -14559.32145
-14558.92716, -14559.12241
-14559.07351, -14559.29341
-14558.65692, -14558.86436
-14558.37469, -14558.56162
-14556.02453, -14556.19709
-14553.15140, -14553.28877
-14549.73676, -14549.83361
