r,ae,UC,crenbl,lanl2,mdfstu,sbkjc,mwbstu,ECP1
1.3,0.03060401,0.15893286,0.0690924,0.05668911,0.06680704,0.08490412,0.08829403,0.06049839
1.4,-0.20598237,-0.01045031,-0.09683868,-0.10341765,-0.0976166,-0.08400171,-0.08222212,-0.10225856
1.5,-0.29944426,-0.10983755,-0.18758458,-0.19080161,-0.1879531,-0.17782233,-0.17717219,-0.19098364
1.6,-0.22563924,-0.2218009,-0.22909295,-0.23046423,-0.22957973,-0.22200827,-0.22220421,-0.23122415
1.7,-0.23770911,-0.23584386,-0.23916154,-0.23953969,-0.23991699,-0.23418153,-0.23500799,-0.24046851
1.8,-0.22963121,-0.22913252,-0.22989957,-0.22975398,-0.23092187,-0.22648054,-0.22779121,-0.23064839
1.9,-0.20980578,-0.21026024,-0.20945685,-0.20904658,-0.21067762,-0.20716654,-0.20880773,-0.20982219
