r,ae,UC
1.3,0.33812612,0.33807982
1.4,0.17899861,0.1792868
1.5,0.06421763,0.06469392
1.6,0.01936532,0.01895616
1.7,-0.03462339,-0.03589252
1.8,-0.0672887,-0.07038135
1.9,-0.08425429,-0.0890154
2.0,-0.08581405,-0.0951315
2.1,-0.08242913,-0.09209945
2.2,-0.0730726,-0.08205071
2.3,-0.05908347,-0.06693775
2.4,-0.08295856,-0.08311113
2.5,-0.06177131,-0.06199564
2.6,-0.03927336,-0.03955114
