r,ae,ECP17_arxiv
1.3,0.17773993,
1.4,0.01559582,
1.5,-0.10149704,0.18036359
1.6,-0.18455267,0.0174246
1.7,-0.2410664,-0.10019125
1.8,-0.2767431,-0.18350541
1.9,-0.29616709,-0.24008427
2.0,-0.30307137,-0.27570925
2.1,-0.30046921,-0.2950238
2.2,-0.29076244,-0.30179885
2.3,-0.27587065,-0.29906766
2.4,-0.25734192,-0.28924179
2.5,-0.23642145,-0.27424594
2.6,-0.21410409,-0.25563114
