r,ae,UC
1.3,0.388515,0.38978
1.4,0.204714,0.248967
1.5,0.148602,0.119692
1.6,0.07673630000000001,0.0448744
1.7,-0.00516002,-0.00675473
1.8,-0.0391185,-0.040789
1.9,-0.059673300000000006,-0.061439999999999995
2.0,-0.0700879,-0.0719583
2.1,-0.07287880000000001,-0.07484589999999999
2.2,-0.069978,-0.0720464
2.3,-0.0628979,-0.0650538
2.4,-0.052844600000000005,-0.055079499999999997
2.5,-0.0407871,-0.0430981
2.6,-0.0274848,-0.0298558
