SCF,CCSD
-11267.34439, -11268.01765
-11267.34169, -11267.98900
-11267.28121, -11267.95066
-11267.32849, -11268.02117
-11267.16809, -11267.79368
-11267.13419, -11267.78184
-11266.75038, -11267.34911
-11266.55830, -11267.14668
-11266.03341, -11266.60163
-11264.46310, -11264.95960
-11262.13684, -11262.57171
-11258.93276, -11259.35565
