SCF,CCSD
-15601.90406,-15602.14425
-15601.89633,-15602.10324
-15601.84724,-15602.10595
-15601.63604,-15601.82817
-15601.69424,-15601.86782
-15601.17301,-15601.33611
-15600.32392,-15600.46554
-15599.04321,-15599.16062
-15598.11799,-15598.22542
-15598.84402,-15598.95567
-15598.54803,-15598.65520
-15597.32769,-15597.43091
-15589.20601,-15589.34499
