SCF,CCSD
-15601.90406,-15602.27534
-15601.89633,-15602.23856
-15601.84724,-15602.23344
-15601.63604,-15601.94623
-15601.69424,-15602.00275
-15601.17301,-15601.45092
-15600.32392,-15600.57548
-15599.04321,-15599.27190
-15598.11799,-15598.34320
-15598.84402,-15599.07961
-15598.54803,-15598.77425
-15597.32769,-15597.53161
-15589.13192,-15589.37820
