          SCF,CCSD
   -11704.81060,   -11708.10561
   -11704.92990,   -11708.12680
   -11704.90597,   -11708.07767
   -11704.86637,   -11708.06155
   -11704.63557,   -11707.89087
   -11704.74996,   -11707.89881
   -11704.71974,   -11707.89338
   -11704.24174,   -11707.46676
   -11704.32750,   -11707.44761
   -11704.29310,   -11707.41696
   -11703.60489,   -11706.69600
   -11703.47214,   -11706.48354
   -11703.32329,   -11706.34144
   -11702.30144,   -11705.28394
   -11692.76700,   -11695.55424
