SCF,CCSD
-39.48535101, -39.83533460
-39.47309191, -39.81412603
-39.42431576, -39.74798625
-39.32556004, -39.64730238
-39.28474501, -39.58648323
-38.86273088, -39.14070811
-38.68116178, -38.94854362
-38.83064306, -39.10745459
-38.41255978, -38.66909265
-38.12925990, -38.38023865
-35.87028781, -36.08605527
-33.07438537, -33.24729227
-29.71910166, -29.84121999
