SCF,CCSD
-15598.11799,-15600.93429
-15598.54803,-15601.36779
-15597.32769,-15600.11851
-15581.25979,-15583.90568
