SCF,CCSD
-15601.87028,-15604.86783
-15601.89633,-15604.84908
-15601.84724,-15604.84308
-15601.63604,-15604.55453
-15601.69424,-15604.61232
-15601.17301,-15604.05643
-15600.32392,-15603.17638
-15599.04321,-15601.86659
-15598.11799,-15600.93429
-15598.84402,-15601.67595
-15598.54803,-15601.36779
-15597.32769,-15600.11851
-15589.20601,-15591.88668
-15584.24346,-15586.86007
-15578.40454,-15581.04066
-15564.77708,-15567.26726

