SCF,CCSD
-16690.60506,-16691.05054145
-16690.53947,-16690.98486904
-16690.52484,-16691.03792080
-16690.39207,-16690.76817086
-16690.18232,-16690.54568113
-16689.81416,-16690.15426671
-16688.81144,-16689.12376465
-16687.37875,-16687.66161056
-16685.44999,-16685.70731743
-16682.99509,-16683.22935997
-16681.58116,-16681.84001398
-16682.08263,-16682.31928214
-16680.02592,-16680.23407059
-16668.57593,-16668.71799051
-16661.85791,-16661.95783182
