SCF,CCSD
-16690.60506,-16690.90005569  
-16690.53962,-16690.83671954
-16690.52484,-16690.88833565
-16690.39207,-16690.61560439
-16690.18232,-16690.40035556
-16689.81416,-16690.01177758
-16688.81144,-16688.98109226
-16687.37875,-16687.51978683
-16685.44999,-16685.57199254
-16682.99509,-16683.09720719
-16681.58115,-16681.68298148
-16682.08263,-16682.18193948
-16680.02592,-16680.11209934
-16668.57593,-16668.71799051
-16661.85791,-16661.95783182
